{
  "sessions": {
    "2026-06-22": {
      "msedge": 247.00719833374023,
      "chrome": 3.0011305809020996
    }
  }
}